{
  "Delete Request" : {
    "transaction" : "Delete Request",
    "sampleCount" : 1500,
    "errorCount" : 0,
    "errorPct" : 0.0,
    "meanResTime" : 8483.21133333333,
    "medianResTime" : 9215.5,
    "minResTime" : 268.0,
    "maxResTime" : 14890.0,
    "pct1ResTime" : 13647.500000000002,
    "pct2ResTime" : 14170.550000000001,
    "pct3ResTime" : 14747.720000000001,
    "throughput" : 11.681515170394368,
    "receivedKBytesPerSec" : 2.8291169553298863,
    "sentKBytesPerSec" : 2.783486036695533
  },
  "Get Request" : {
    "transaction" : "Get Request",
    "sampleCount" : 1500,
    "errorCount" : 0,
    "errorPct" : 0.0,
    "meanResTime" : 5426.245333333328,
    "medianResTime" : 5945.0,
    "minResTime" : 367.0,
    "maxResTime" : 25320.0,
    "pct1ResTime" : 8083.8,
    "pct2ResTime" : 8419.75,
    "pct3ResTime" : 8912.0,
    "throughput" : 11.61854009170901,
    "receivedKBytesPerSec" : 4.742724373373404,
    "sentKBytesPerSec" : 4.685993220581856
  },
  "Debug Sampler" : {
    "transaction" : "Debug Sampler",
    "sampleCount" : 1500,
    "errorCount" : 0,
    "errorPct" : 0.0,
    "meanResTime" : 0.10066666666666668,
    "medianResTime" : 0.0,
    "minResTime" : 0.0,
    "maxResTime" : 6.0,
    "pct1ResTime" : 0.0,
    "pct2ResTime" : 1.0,
    "pct3ResTime" : 1.0,
    "throughput" : 11.720398180994202,
    "receivedKBytesPerSec" : 4.041690799292088,
    "sentKBytesPerSec" : 0.0
  },
  "Total" : {
    "transaction" : "Total",
    "sampleCount" : 9000,
    "errorCount" : 0,
    "errorPct" : 0.0,
    "meanResTime" : 8981.205333333348,
    "medianResTime" : 6399.0,
    "minResTime" : 0.0,
    "maxResTime" : 141925.0,
    "pct1ResTime" : 25132.900000000005,
    "pct2ResTime" : 31403.799999999996,
    "pct3ResTime" : 39302.979999999996,
    "throughput" : 62.31133512420726,
    "receivedKBytesPerSec" : 21.836539518367996,
    "sentKBytesPerSec" : 18.376975788584563
  },
  "Login Request" : {
    "transaction" : "Login Request",
    "sampleCount" : 1500,
    "errorCount" : 0,
    "errorPct" : 0.0,
    "meanResTime" : 608.5799999999998,
    "medianResTime" : 421.5,
    "minResTime" : 263.0,
    "maxResTime" : 7978.0,
    "pct1ResTime" : 953.9000000000001,
    "pct2ResTime" : 1357.7000000000003,
    "pct3ResTime" : 3801.670000000001,
    "throughput" : 11.629710032563189,
    "receivedKBytesPerSec" : 3.077784588695922,
    "sentKBytesPerSec" : 2.907427508140797
  },
  "Create Request" : {
    "transaction" : "Create Request",
    "sampleCount" : 1500,
    "errorCount" : 0,
    "errorPct" : 0.0,
    "meanResTime" : 27919.875333333333,
    "medianResTime" : 26882.5,
    "minResTime" : 10496.0,
    "maxResTime" : 141925.0,
    "pct1ResTime" : 37679.3,
    "pct2ResTime" : 40674.70000000001,
    "pct3ResTime" : 69460.92,
    "throughput" : 10.565984573662522,
    "receivedKBytesPerSec" : 4.622618250977354,
    "sentKBytesPerSec" : 4.467843086324094
  },
  "Update Request" : {
    "transaction" : "Update Request",
    "sampleCount" : 1500,
    "errorCount" : 0,
    "errorPct" : 0.0,
    "meanResTime" : 11449.219333333316,
    "medianResTime" : 12070.5,
    "minResTime" : 564.0,
    "maxResTime" : 16922.0,
    "pct1ResTime" : 14854.8,
    "pct2ResTime" : 14975.0,
    "pct3ResTime" : 15177.0,
    "throughput" : 11.622501162250117,
    "receivedKBytesPerSec" : 4.71029099837285,
    "sentKBytesPerSec" : 5.289146036727104
  }
}