{
  "Delete Request" : {
    "transaction" : "Delete Request",
    "sampleCount" : 100,
    "errorCount" : 0,
    "errorPct" : 0.0,
    "meanResTime" : 383.23999999999995,
    "medianResTime" : 398.5,
    "minResTime" : 265.0,
    "maxResTime" : 621.0,
    "pct1ResTime" : 526.6,
    "pct2ResTime" : 534.95,
    "pct3ResTime" : 620.7199999999998,
    "throughput" : 31.61555485298767,
    "receivedKBytesPerSec" : 7.656892190957952,
    "sentKBytesPerSec" : 7.502519364527348
  },
  "Get Request" : {
    "transaction" : "Get Request",
    "sampleCount" : 100,
    "errorCount" : 0,
    "errorPct" : 0.0,
    "meanResTime" : 375.11,
    "medianResTime" : 394.5,
    "minResTime" : 267.0,
    "maxResTime" : 474.0,
    "pct1ResTime" : 424.8,
    "pct2ResTime" : 441.39999999999986,
    "pct3ResTime" : 473.96,
    "throughput" : 31.416902293433864,
    "receivedKBytesPerSec" : 12.824477693999372,
    "sentKBytesPerSec" : 12.640394282123783
  },
  "Debug Sampler" : {
    "transaction" : "Debug Sampler",
    "sampleCount" : 100,
    "errorCount" : 0,
    "errorPct" : 0.0,
    "meanResTime" : 0.55,
    "medianResTime" : 0.0,
    "minResTime" : 0.0,
    "maxResTime" : 11.0,
    "pct1ResTime" : 1.0,
    "pct2ResTime" : 3.8999999999999773,
    "pct3ResTime" : 10.969999999999985,
    "throughput" : 37.257824143070046,
    "receivedKBytesPerSec" : 12.761532460879284,
    "sentKBytesPerSec" : 0.0
  },
  "Total" : {
    "transaction" : "Total",
    "sampleCount" : 600,
    "errorCount" : 0,
    "errorPct" : 0.0,
    "meanResTime" : 1151.725,
    "medianResTime" : 398.0,
    "minResTime" : 0.0,
    "maxResTime" : 7145.0,
    "pct1ResTime" : 4743.399999999998,
    "pct2ResTime" : 5842.899999999996,
    "pct3ResTime" : 6565.710000000001,
    "throughput" : 66.57789613848203,
    "receivedKBytesPerSec" : 23.295111726031955,
    "sentKBytesPerSec" : 19.60276922436751
  },
  "Login Request" : {
    "transaction" : "Login Request",
    "sampleCount" : 100,
    "errorCount" : 0,
    "errorPct" : 0.0,
    "meanResTime" : 287.56,
    "medianResTime" : 283.5,
    "minResTime" : 261.0,
    "maxResTime" : 430.0,
    "pct1ResTime" : 314.5,
    "pct2ResTime" : 324.0,
    "pct3ResTime" : 428.96999999999946,
    "throughput" : 31.397174254317108,
    "receivedKBytesPerSec" : 8.30921310832025,
    "sentKBytesPerSec" : 7.849293563579278
  },
  "Create Request" : {
    "transaction" : "Create Request",
    "sampleCount" : 100,
    "errorCount" : 0,
    "errorPct" : 0.0,
    "meanResTime" : 5201.180000000002,
    "medianResTime" : 5195.0,
    "minResTime" : 3953.0,
    "maxResTime" : 7145.0,
    "pct1ResTime" : 6415.2,
    "pct2ResTime" : 6580.3,
    "pct3ResTime" : 7140.709999999998,
    "throughput" : 13.066771200836273,
    "receivedKBytesPerSec" : 5.703951881615053,
    "sentKBytesPerSec" : 5.52530461910362
  },
  "Update Request" : {
    "transaction" : "Update Request",
    "sampleCount" : 100,
    "errorCount" : 0,
    "errorPct" : 0.0,
    "meanResTime" : 662.71,
    "medianResTime" : 619.0,
    "minResTime" : 524.0,
    "maxResTime" : 890.0,
    "pct1ResTime" : 860.5,
    "pct2ResTime" : 881.95,
    "pct3ResTime" : 890.0,
    "throughput" : 29.154518950437318,
    "receivedKBytesPerSec" : 11.815552113702623,
    "sentKBytesPerSec" : 13.239112609329446
  }
}