{
  "Delete Request" : {
    "transaction" : "Delete Request",
    "sampleCount" : 1250,
    "errorCount" : 0,
    "errorPct" : 0.0,
    "meanResTime" : 7415.456800000002,
    "medianResTime" : 7199.0,
    "minResTime" : 267.0,
    "maxResTime" : 14568.0,
    "pct1ResTime" : 12725.9,
    "pct2ResTime" : 13199.250000000004,
    "pct3ResTime" : 13907.47,
    "throughput" : 8.19177938555101,
    "receivedKBytesPerSec" : 1.9839465699381356,
    "sentKBytesPerSec" : 1.951947431713327
  },
  "Get Request" : {
    "transaction" : "Get Request",
    "sampleCount" : 1250,
    "errorCount" : 0,
    "errorPct" : 0.0,
    "meanResTime" : 5298.5952000000025,
    "medianResTime" : 5939.5,
    "minResTime" : 289.0,
    "maxResTime" : 10515.0,
    "pct1ResTime" : 7664.9,
    "pct2ResTime" : 7803.25,
    "pct3ResTime" : 8532.31,
    "throughput" : 8.165291631555913,
    "receivedKBytesPerSec" : 3.3330975605374724,
    "sentKBytesPerSec" : 3.2932279724927658
  },
  "Debug Sampler" : {
    "transaction" : "Debug Sampler",
    "sampleCount" : 1250,
    "errorCount" : 0,
    "errorPct" : 0.0,
    "meanResTime" : 0.27759999999999974,
    "medianResTime" : 0.0,
    "minResTime" : 0.0,
    "maxResTime" : 170.0,
    "pct1ResTime" : 1.0,
    "pct2ResTime" : 1.0,
    "pct3ResTime" : 1.0,
    "throughput" : 8.234410613825904,
    "receivedKBytesPerSec" : 2.8385428675182145,
    "sentKBytesPerSec" : 0.0
  },
  "Total" : {
    "transaction" : "Total",
    "sampleCount" : 7500,
    "errorCount" : 0,
    "errorPct" : 0.0,
    "meanResTime" : 7752.080399999993,
    "medianResTime" : 5993.0,
    "minResTime" : 0.0,
    "maxResTime" : 162007.0,
    "pct1ResTime" : 20882.10000000001,
    "pct2ResTime" : 25024.9,
    "pct3ResTime" : 36591.32999999999,
    "throughput" : 45.51357518235773,
    "receivedKBytesPerSec" : 15.948940500861724,
    "sentKBytesPerSec" : 13.422948930734407
  },
  "Login Request" : {
    "transaction" : "Login Request",
    "sampleCount" : 1250,
    "errorCount" : 0,
    "errorPct" : 0.0,
    "meanResTime" : 473.1192000000003,
    "medianResTime" : 314.0,
    "minResTime" : 262.0,
    "maxResTime" : 4907.0,
    "pct1ResTime" : 1015.7000000000003,
    "pct2ResTime" : 1521.6500000000008,
    "pct3ResTime" : 2800.1900000000005,
    "throughput" : 8.171750585097342,
    "receivedKBytesPerSec" : 2.162641023985722,
    "sentKBytesPerSec" : 2.042937646274335
  },
  "Create Request" : {
    "transaction" : "Create Request",
    "sampleCount" : 1250,
    "errorCount" : 0,
    "errorPct" : 0.0,
    "meanResTime" : 22628.996000000003,
    "medianResTime" : 22734.5,
    "minResTime" : 7817.0,
    "maxResTime" : 162007.0,
    "pct1ResTime" : 34029.500000000015,
    "pct2ResTime" : 37526.75000000002,
    "pct3ResTime" : 51917.54,
    "throughput" : 7.6991303062406065,
    "receivedKBytesPerSec" : 3.368369508980266,
    "sentKBytesPerSec" : 3.255589279884944
  },
  "Update Request" : {
    "transaction" : "Update Request",
    "sampleCount" : 1250,
    "errorCount" : 0,
    "errorPct" : 0.0,
    "meanResTime" : 10696.037600000007,
    "medianResTime" : 12090.0,
    "minResTime" : 545.0,
    "maxResTime" : 14889.0,
    "pct1ResTime" : 13577.9,
    "pct2ResTime" : 13863.25,
    "pct3ResTime" : 14297.76,
    "throughput" : 8.160280974794524,
    "receivedKBytesPerSec" : 3.3071451216208274,
    "sentKBytesPerSec" : 3.713565365482664
  }
}