{
  "Delete Request" : {
    "transaction" : "Delete Request",
    "sampleCount" : 1300,
    "errorCount" : 0,
    "errorPct" : 0.0,
    "meanResTime" : 7644.364615384626,
    "medianResTime" : 7585.0,
    "minResTime" : 281.0,
    "maxResTime" : 15930.0,
    "pct1ResTime" : 10118.000000000004,
    "pct2ResTime" : 11034.8,
    "pct3ResTime" : 13137.89,
    "throughput" : 12.083918163988065,
    "receivedKBytesPerSec" : 2.9265739303408593,
    "sentKBytesPerSec" : 2.879371125012781
  },
  "Get Request" : {
    "transaction" : "Get Request",
    "sampleCount" : 1300,
    "errorCount" : 0,
    "errorPct" : 0.0,
    "meanResTime" : 10307.803846153856,
    "medianResTime" : 10427.0,
    "minResTime" : 1298.0,
    "maxResTime" : 18062.0,
    "pct1ResTime" : 13930.0,
    "pct2ResTime" : 14198.9,
    "pct3ResTime" : 15254.87,
    "throughput" : 9.789156626506024,
    "receivedKBytesPerSec" : 3.9959643260542164,
    "sentKBytesPerSec" : 3.948165709713855
  },
  "Debug Sampler" : {
    "transaction" : "Debug Sampler",
    "sampleCount" : 1300,
    "errorCount" : 0,
    "errorPct" : 0.0,
    "meanResTime" : 1.9907692307692335,
    "medianResTime" : 0.0,
    "minResTime" : 0.0,
    "maxResTime" : 962.0,
    "pct1ResTime" : 1.0,
    "pct2ResTime" : 1.0,
    "pct3ResTime" : 2.990000000000009,
    "throughput" : 13.777316178808368,
    "receivedKBytesPerSec" : 4.7496034881780025,
    "sentKBytesPerSec" : 0.0
  },
  "Total" : {
    "transaction" : "Total",
    "sampleCount" : 7800,
    "errorCount" : 0,
    "errorPct" : 0.0,
    "meanResTime" : 11269.088333333326,
    "medianResTime" : 8338.0,
    "minResTime" : 0.0,
    "maxResTime" : 158351.0,
    "pct1ResTime" : 31935.600000000002,
    "pct2ResTime" : 34183.8,
    "pct3ResTime" : 42377.32999999999,
    "throughput" : 47.804076829731684,
    "receivedKBytesPerSec" : 16.751770196839416,
    "sentKBytesPerSec" : 14.098467971268525
  },
  "Login Request" : {
    "transaction" : "Login Request",
    "sampleCount" : 1300,
    "errorCount" : 0,
    "errorPct" : 0.0,
    "meanResTime" : 489.8600000000006,
    "medianResTime" : 325.0,
    "minResTime" : 259.0,
    "maxResTime" : 9039.0,
    "pct1ResTime" : 559.9000000000001,
    "pct2ResTime" : 1475.6500000000003,
    "pct3ResTime" : 3096.3500000000004,
    "throughput" : 10.239687453232197,
    "receivedKBytesPerSec" : 2.7099172849862554,
    "sentKBytesPerSec" : 2.559921863308049
  },
  "Create Request" : {
    "transaction" : "Create Request",
    "sampleCount" : 1300,
    "errorCount" : 0,
    "errorPct" : 0.0,
    "meanResTime" : 33493.741538461516,
    "medianResTime" : 32615.0,
    "minResTime" : 24096.0,
    "maxResTime" : 158351.0,
    "pct1ResTime" : 38139.100000000006,
    "pct2ResTime" : 43561.65000000001,
    "pct3ResTime" : 53580.62,
    "throughput" : 8.087041449197828,
    "receivedKBytesPerSec" : 3.5380806340240496,
    "sentKBytesPerSec" : 3.4196181127955656
  },
  "Update Request" : {
    "transaction" : "Update Request",
    "sampleCount" : 1300,
    "errorCount" : 0,
    "errorPct" : 0.0,
    "meanResTime" : 15676.769230769221,
    "medianResTime" : 15894.0,
    "minResTime" : 545.0,
    "maxResTime" : 21952.0,
    "pct1ResTime" : 19865.7,
    "pct2ResTime" : 20447.95,
    "pct3ResTime" : 20995.82,
    "throughput" : 10.220929318342638,
    "receivedKBytesPerSec" : 4.142271159289252,
    "sentKBytesPerSec" : 4.651321349948895
  }
}