{
  "Delete Request" : {
    "transaction" : "Delete Request",
    "sampleCount" : 1400,
    "errorCount" : 0,
    "errorPct" : 0.0,
    "meanResTime" : 8704.383571428563,
    "medianResTime" : 9180.0,
    "minResTime" : 278.0,
    "maxResTime" : 23851.0,
    "pct1ResTime" : 14258.8,
    "pct2ResTime" : 15787.95,
    "pct3ResTime" : 18361.38,
    "throughput" : 21.15378803904385,
    "receivedKBytesPerSec" : 5.123183040705932,
    "sentKBytesPerSec" : 5.040551056178417
  },
  "Get Request" : {
    "transaction" : "Get Request",
    "sampleCount" : 1400,
    "errorCount" : 0,
    "errorPct" : 0.0,
    "meanResTime" : 6472.315000000008,
    "medianResTime" : 7038.5,
    "minResTime" : 267.0,
    "maxResTime" : 22065.0,
    "pct1ResTime" : 7844.6,
    "pct2ResTime" : 8273.45,
    "pct3ResTime" : 10180.25,
    "throughput" : 26.73082063619353,
    "receivedKBytesPerSec" : 10.911604517508687,
    "sentKBytesPerSec" : 10.781082932371023
  },
  "Debug Sampler" : {
    "transaction" : "Debug Sampler",
    "sampleCount" : 1400,
    "errorCount" : 0,
    "errorPct" : 0.0,
    "meanResTime" : 0.40928571428571403,
    "medianResTime" : 0.0,
    "minResTime" : 0.0,
    "maxResTime" : 161.0,
    "pct1ResTime" : 1.0,
    "pct2ResTime" : 1.0,
    "pct3ResTime" : 1.0,
    "throughput" : 21.2630236019562,
    "receivedKBytesPerSec" : 7.331441889295586,
    "sentKBytesPerSec" : 0.0
  },
  "Total" : {
    "transaction" : "Total",
    "sampleCount" : 8400,
    "errorCount" : 0,
    "errorPct" : 0.0,
    "meanResTime" : 13730.407857142885,
    "medianResTime" : 7382.5,
    "minResTime" : 0.0,
    "maxResTime" : 61879.0,
    "pct1ResTime" : 53776.50000000001,
    "pct2ResTime" : 56746.0,
    "pct3ResTime" : 60627.85,
    "throughput" : 91.65302782324059,
    "receivedKBytesPerSec" : 32.11843204446263,
    "sentKBytesPerSec" : 27.030482815057283
  },
  "Login Request" : {
    "transaction" : "Login Request",
    "sampleCount" : 1400,
    "errorCount" : 0,
    "errorPct" : 0.0,
    "meanResTime" : 3380.1600000000017,
    "medianResTime" : 1338.5,
    "minResTime" : 262.0,
    "maxResTime" : 20719.0,
    "pct1ResTime" : 10349.000000000002,
    "pct2ResTime" : 11444.75,
    "pct3ResTime" : 13576.410000000003,
    "throughput" : 23.612352633620617,
    "receivedKBytesPerSec" : 6.248972230186706,
    "sentKBytesPerSec" : 5.903088158405154
  },
  "Create Request" : {
    "transaction" : "Create Request",
    "sampleCount" : 1400,
    "errorCount" : 0,
    "errorPct" : 0.0,
    "meanResTime" : 53464.33999999997,
    "medianResTime" : 55521.5,
    "minResTime" : 17973.0,
    "maxResTime" : 61879.0,
    "pct1ResTime" : 59805.4,
    "pct2ResTime" : 61005.15,
    "pct3ResTime" : 61727.91,
    "throughput" : 22.530134054297623,
    "receivedKBytesPerSec" : 9.85693364875521,
    "sentKBytesPerSec" : 9.526902388194209
  },
  "Update Request" : {
    "transaction" : "Update Request",
    "sampleCount" : 1400,
    "errorCount" : 0,
    "errorPct" : 0.0,
    "meanResTime" : 10360.839285714297,
    "medianResTime" : 10062.5,
    "minResTime" : 531.0,
    "maxResTime" : 19640.0,
    "pct1ResTime" : 13132.9,
    "pct2ResTime" : 13866.0,
    "pct3ResTime" : 14499.84,
    "throughput" : 21.428352771910493,
    "receivedKBytesPerSec" : 8.684342187834817,
    "sentKBytesPerSec" : 9.751574601279579
  }
}