{
  "Delete Request" : {
    "transaction" : "Delete Request",
    "sampleCount" : 3473,
    "errorCount" : 40,
    "errorPct" : 1.151742,
    "meanResTime" : 8073.89461560611,
    "medianResTime" : 6905.0,
    "minResTime" : 257.0,
    "maxResTime" : 77614.0,
    "pct1ResTime" : 17585.8,
    "pct2ResTime" : 20796.099999999995,
    "pct3ResTime" : 28332.699999999964,
    "throughput" : 1.93068973932631,
    "receivedKBytesPerSec" : 0.46767578282436617,
    "sentKBytesPerSec" : 0.45993858747225297
  },
  "Get Request" : {
    "transaction" : "Get Request",
    "sampleCount" : 3473,
    "errorCount" : 0,
    "errorPct" : 0.0,
    "meanResTime" : 9230.850849409764,
    "medianResTime" : 6928.0,
    "minResTime" : 357.0,
    "maxResTime" : 151001.0,
    "pct1ResTime" : 16124.6,
    "pct2ResTime" : 19449.3,
    "pct3ResTime" : 26845.77999999995,
    "throughput" : 1.889390417259878,
    "receivedKBytesPerSec" : 2.442764978267658,
    "sentKBytesPerSec" : 0.7619232791137763
  },
  "Debug Sampler" : {
    "transaction" : "Debug Sampler",
    "sampleCount" : 3473,
    "errorCount" : 0,
    "errorPct" : 0.0,
    "meanResTime" : 0.22948459545061858,
    "medianResTime" : 0.0,
    "minResTime" : 0.0,
    "maxResTime" : 182.0,
    "pct1ResTime" : 1.0,
    "pct2ResTime" : 1.0,
    "pct3ResTime" : 1.0,
    "throughput" : 1.946336482516597,
    "receivedKBytesPerSec" : 0.6715996808481723,
    "sentKBytesPerSec" : 0.0
  },
  "Total" : {
    "transaction" : "Total",
    "sampleCount" : 20838,
    "errorCount" : 120,
    "errorPct" : 0.575871,
    "meanResTime" : 16665.08628467223,
    "medianResTime" : 5371.5,
    "minResTime" : 0.0,
    "maxResTime" : 376037.0,
    "pct1ResTime" : 51160.60000000012,
    "pct2ResTime" : 62727.95,
    "pct3ResTime" : 142466.80000000005,
    "throughput" : 11.154189351437257,
    "receivedKBytesPerSec" : 5.6029287884994305,
    "sentKBytesPerSec" : 3.280247016877951
  },
  "Login Request" : {
    "transaction" : "Login Request",
    "sampleCount" : 3473,
    "errorCount" : 0,
    "errorPct" : 0.0,
    "meanResTime" : 3005.5243305499635,
    "medianResTime" : 368.0,
    "minResTime" : 257.0,
    "maxResTime" : 272867.0,
    "pct1ResTime" : 10298.4,
    "pct2ResTime" : 17672.299999999905,
    "pct3ResTime" : 23479.999999999953,
    "throughput" : 1.9022069544204265,
    "receivedKBytesPerSec" : 0.5034160982889997,
    "sentKBytesPerSec" : 0.4755517386051067
  },
  "Create Request" : {
    "transaction" : "Create Request",
    "sampleCount" : 3473,
    "errorCount" : 40,
    "errorPct" : 1.151742,
    "meanResTime" : 69352.0932911027,
    "medianResTime" : 56619.0,
    "minResTime" : 22976.0,
    "maxResTime" : 376037.0,
    "pct1ResTime" : 130914.79999999997,
    "pct2ResTime" : 166871.19999998724,
    "pct3ResTime" : 268488.9199999996,
    "throughput" : 1.861314142450289,
    "receivedKBytesPerSec" : 0.8666872726616203,
    "sentKBytesPerSec" : 0.7779946974587408
  },
  "Update Request" : {
    "transaction" : "Update Request",
    "sampleCount" : 3473,
    "errorCount" : 40,
    "errorPct" : 1.151742,
    "meanResTime" : 10327.925136769365,
    "medianResTime" : 7831.0,
    "minResTime" : 516.0,
    "maxResTime" : 34933.0,
    "pct1ResTime" : 24891.8,
    "pct2ResTime" : 26946.0,
    "pct3ResTime" : 27951.159999999996,
    "throughput" : 1.9019819385648333,
    "receivedKBytesPerSec" : 0.767335780008379,
    "sentKBytesPerSec" : 0.8654434118615107
  }
}