{
  "Delete Request" : {
    "transaction" : "Delete Request",
    "sampleCount" : 1800,
    "errorCount" : 0,
    "errorPct" : 0.0,
    "meanResTime" : 15907.603888888903,
    "medianResTime" : 16333.0,
    "minResTime" : 265.0,
    "maxResTime" : 41628.0,
    "pct1ResTime" : 23200.600000000002,
    "pct2ResTime" : 24666.899999999994,
    "pct3ResTime" : 28094.97,
    "throughput" : 8.152801619689923,
    "receivedKBytesPerSec" : 1.974506642268653,
    "sentKBytesPerSec" : 1.9426597609417393
  },
  "Get Request" : {
    "transaction" : "Get Request",
    "sampleCount" : 1800,
    "errorCount" : 0,
    "errorPct" : 0.0,
    "meanResTime" : 17185.22055555556,
    "medianResTime" : 18015.0,
    "minResTime" : 1052.0,
    "maxResTime" : 51596.0,
    "pct1ResTime" : 19955.0,
    "pct2ResTime" : 20046.95,
    "pct3ResTime" : 22785.99,
    "throughput" : 6.864726745738149,
    "receivedKBytesPerSec" : 2.802202909881393,
    "sentKBytesPerSec" : 2.7686837363182186
  },
  "Debug Sampler" : {
    "transaction" : "Debug Sampler",
    "sampleCount" : 1800,
    "errorCount" : 0,
    "errorPct" : 0.0,
    "meanResTime" : 0.17333333333333326,
    "medianResTime" : 0.0,
    "minResTime" : 0.0,
    "maxResTime" : 125.0,
    "pct1ResTime" : 1.0,
    "pct2ResTime" : 1.0,
    "pct3ResTime" : 1.0,
    "throughput" : 9.290418481739167,
    "receivedKBytesPerSec" : 3.2049473978441068,
    "sentKBytesPerSec" : 0.0
  },
  "Total" : {
    "transaction" : "Total",
    "sampleCount" : 10800,
    "errorCount" : 370,
    "errorPct" : 3.425926,
    "meanResTime" : 17487.18203703708,
    "medianResTime" : 17204.5,
    "minResTime" : 0.0,
    "maxResTime" : 281837.0,
    "pct1ResTime" : 38129.39999999999,
    "pct2ResTime" : 44924.0,
    "pct3ResTime" : 62325.499999999985,
    "throughput" : 37.308148030440684,
    "receivedKBytesPerSec" : 13.449632569797327,
    "sentKBytesPerSec" : 11.002988969915124
  },
  "Login Request" : {
    "transaction" : "Login Request",
    "sampleCount" : 1800,
    "errorCount" : 0,
    "errorPct" : 0.0,
    "meanResTime" : 2249.3033333333333,
    "medianResTime" : 387.5,
    "minResTime" : 262.0,
    "maxResTime" : 76362.0,
    "pct1ResTime" : 6103.200000000001,
    "pct2ResTime" : 8478.999999999996,
    "pct3ResTime" : 15384.950000000006,
    "throughput" : 7.170657668819192,
    "receivedKBytesPerSec" : 1.8977033479003915,
    "sentKBytesPerSec" : 1.792664417204798
  },
  "Create Request" : {
    "transaction" : "Create Request",
    "sampleCount" : 1800,
    "errorCount" : 0,
    "errorPct" : 0.0,
    "meanResTime" : 43655.478888888865,
    "medianResTime" : 40484.5,
    "minResTime" : 20526.0,
    "maxResTime" : 281837.0,
    "pct1ResTime" : 52771.9,
    "pct2ResTime" : 65150.34999999997,
    "pct3ResTime" : 133371.54,
    "throughput" : 6.266798501538847,
    "receivedKBytesPerSec" : 2.7417243444232455,
    "sentKBytesPerSec" : 2.64992553824836
  },
  "Update Request" : {
    "transaction" : "Update Request",
    "sampleCount" : 1800,
    "errorCount" : 370,
    "errorPct" : 20.555555,
    "meanResTime" : 25925.312222222215,
    "medianResTime" : 27599.5,
    "minResTime" : 528.0,
    "maxResTime" : 37866.0,
    "pct1ResTime" : 30734.9,
    "pct2ResTime" : 31606.8,
    "pct3ResTime" : 32675.15,
    "throughput" : 7.163779928680591,
    "receivedKBytesPerSec" : 3.3347022454470197,
    "sentKBytesPerSec" : 3.2600795378565968
  }
}