{
  "Delete Request" : {
    "transaction" : "Delete Request",
    "sampleCount" : 2400,
    "errorCount" : 0,
    "errorPct" : 0.0,
    "meanResTime" : 4522.4233333333295,
    "medianResTime" : 4230.0,
    "minResTime" : 272.0,
    "maxResTime" : 10476.0,
    "pct1ResTime" : 8392.7,
    "pct2ResTime" : 9451.95,
    "pct3ResTime" : 10033.0,
    "throughput" : 0.17418123208836328,
    "receivedKBytesPerSec" : 0.04218451714640049,
    "sentKBytesPerSec" : 0.04133402284909402
  },
  "Get Request" : {
    "transaction" : "Get Request",
    "sampleCount" : 2400,
    "errorCount" : 0,
    "errorPct" : 0.0,
    "meanResTime" : 4024.725416666667,
    "medianResTime" : 4555.0,
    "minResTime" : 350.0,
    "maxResTime" : 25761.0,
    "pct1ResTime" : 6111.9,
    "pct2ResTime" : 6472.399999999998,
    "pct3ResTime" : 7300.349999999986,
    "throughput" : 0.1741879448732895,
    "receivedKBytesPerSec" : 0.07110406343460451,
    "sentKBytesPerSec" : 0.07008343094511259
  },
  "Debug Sampler" : {
    "transaction" : "Debug Sampler",
    "sampleCount" : 2400,
    "errorCount" : 0,
    "errorPct" : 0.0,
    "meanResTime" : 5.140833333333344,
    "medianResTime" : 0.0,
    "minResTime" : 0.0,
    "maxResTime" : 781.0,
    "pct1ResTime" : 1.0,
    "pct2ResTime" : 1.0,
    "pct3ResTime" : 154.90999999999804,
    "throughput" : 0.1742164452048992,
    "receivedKBytesPerSec" : 0.05987683682205394,
    "sentKBytesPerSec" : 0.0
  },
  "Total" : {
    "transaction" : "Total",
    "sampleCount" : 14400,
    "errorCount" : 0,
    "errorPct" : 0.0,
    "meanResTime" : 6494.34187499998,
    "medianResTime" : 4017.0,
    "minResTime" : 0.0,
    "maxResTime" : 94731.0,
    "pct1ResTime" : 20946.9,
    "pct2ResTime" : 27245.85,
    "pct3ResTime" : 32154.439999999988,
    "throughput" : 1.0434511160180688,
    "receivedKBytesPerSec" : 0.36529974170418317,
    "sentKBytesPerSec" : 0.3072270619916482
  },
  "Login Request" : {
    "transaction" : "Login Request",
    "sampleCount" : 2400,
    "errorCount" : 0,
    "errorPct" : 0.0,
    "meanResTime" : 734.1795833333331,
    "medianResTime" : 424.0,
    "minResTime" : 260.0,
    "maxResTime" : 18391.0,
    "pct1ResTime" : 1345.0,
    "pct2ResTime" : 2258.6499999999987,
    "pct3ResTime" : 6181.969999999999,
    "throughput" : 0.17420296518125492,
    "receivedKBytesPerSec" : 0.046102542543086024,
    "sentKBytesPerSec" : 0.04355074129531373
  },
  "Create Request" : {
    "transaction" : "Create Request",
    "sampleCount" : 2400,
    "errorCount" : 0,
    "errorPct" : 0.0,
    "meanResTime" : 22705.055416666604,
    "medianResTime" : 23411.0,
    "minResTime" : 8244.0,
    "maxResTime" : 94731.0,
    "pct1ResTime" : 30558.9,
    "pct2ResTime" : 32902.75,
    "pct3ResTime" : 37301.979999999996,
    "throughput" : 0.17402727094349318,
    "receivedKBytesPerSec" : 0.07596698253099753,
    "sentKBytesPerSec" : 0.07358770343606695
  },
  "Update Request" : {
    "transaction" : "Update Request",
    "sampleCount" : 2400,
    "errorCount" : 0,
    "errorPct" : 0.0,
    "meanResTime" : 6974.526666666666,
    "medianResTime" : 7108.5,
    "minResTime" : 555.0,
    "maxResTime" : 17432.0,
    "pct1ResTime" : 10089.0,
    "pct2ResTime" : 10342.95,
    "pct3ResTime" : 11725.719999999994,
    "throughput" : 0.17417542992846252,
    "receivedKBytesPerSec" : 0.07058867521514839,
    "sentKBytesPerSec" : 0.0790933348796241
  }
}