{
  "Delete Request" : {
    "transaction" : "Delete Request",
    "sampleCount" : 1700,
    "errorCount" : 0,
    "errorPct" : 0.0,
    "meanResTime" : 10846.098235294121,
    "medianResTime" : 11592.5,
    "minResTime" : 264.0,
    "maxResTime" : 50594.0,
    "pct1ResTime" : 17017.800000000007,
    "pct2ResTime" : 20337.449999999997,
    "pct3ResTime" : 37746.69,
    "throughput" : 30.456670906713008,
    "receivedKBytesPerSec" : 7.376224985219557,
    "sentKBytesPerSec" : 7.257253614490209
  },
  "Get Request" : {
    "transaction" : "Get Request",
    "sampleCount" : 1700,
    "errorCount" : 0,
    "errorPct" : 0.0,
    "meanResTime" : 10976.352941176472,
    "medianResTime" : 10996.0,
    "minResTime" : 1119.0,
    "maxResTime" : 41659.0,
    "pct1ResTime" : 11961.1,
    "pct2ResTime" : 13960.099999999997,
    "pct3ResTime" : 21206.89,
    "throughput" : 21.1679741003611,
    "receivedKBytesPerSec" : 8.640833177686465,
    "sentKBytesPerSec" : 8.537473929149545
  },
  "Debug Sampler" : {
    "transaction" : "Debug Sampler",
    "sampleCount" : 1700,
    "errorCount" : 0,
    "errorPct" : 0.0,
    "meanResTime" : 846.8617647058845,
    "medianResTime" : 0.0,
    "minResTime" : 0.0,
    "maxResTime" : 7469.0,
    "pct1ResTime" : 3698.100000000021,
    "pct2ResTime" : 6052.749999999999,
    "pct3ResTime" : 7409.98,
    "throughput" : 42.40564743445833,
    "receivedKBytesPerSec" : 14.627122620918456,
    "sentKBytesPerSec" : 0.0
  },
  "Total" : {
    "transaction" : "Total",
    "sampleCount" : 10200,
    "errorCount" : 0,
    "errorPct" : 0.0,
    "meanResTime" : 13664.656568627413,
    "medianResTime" : 10611.0,
    "minResTime" : 0.0,
    "maxResTime" : 95842.0,
    "pct1ResTime" : 36425.19999999999,
    "pct2ResTime" : 46993.19999999998,
    "pct3ResTime" : 65757.49999999999,
    "throughput" : 86.34408966241155,
    "receivedKBytesPerSec" : 30.259946235990245,
    "sentKBytesPerSec" : 25.46476081840653
  },
  "Login Request" : {
    "transaction" : "Login Request",
    "sampleCount" : 1700,
    "errorCount" : 0,
    "errorPct" : 0.0,
    "meanResTime" : 1467.3970588235281,
    "medianResTime" : 339.5,
    "minResTime" : 259.0,
    "maxResTime" : 41136.0,
    "pct1ResTime" : 2920.90000000001,
    "pct2ResTime" : 7803.599999999995,
    "pct3ResTime" : 20728.59,
    "throughput" : 23.475475033141848,
    "receivedKBytesPerSec" : 6.212747787091251,
    "sentKBytesPerSec" : 5.868868758285462
  },
  "Create Request" : {
    "transaction" : "Create Request",
    "sampleCount" : 1700,
    "errorCount" : 0,
    "errorPct" : 0.0,
    "meanResTime" : 41904.09882352939,
    "medianResTime" : 40036.0,
    "minResTime" : 23757.0,
    "maxResTime" : 95842.0,
    "pct1ResTime" : 64049.1,
    "pct2ResTime" : 66394.8,
    "pct3ResTime" : 73433.93000000001,
    "throughput" : 16.927381533222476,
    "receivedKBytesPerSec" : 7.405729420784833,
    "sentKBytesPerSec" : 7.157769730356769
  },
  "Update Request" : {
    "transaction" : "Update Request",
    "sampleCount" : 1700,
    "errorCount" : 0,
    "errorPct" : 0.0,
    "meanResTime" : 15947.130588235299,
    "medianResTime" : 18193.5,
    "minResTime" : 529.0,
    "maxResTime" : 29662.0,
    "pct1ResTime" : 23002.8,
    "pct2ResTime" : 23219.0,
    "pct3ResTime" : 24149.82,
    "throughput" : 23.389560001100687,
    "receivedKBytesPerSec" : 9.479167383258579,
    "sentKBytesPerSec" : 10.644077109875898
  }
}