{
  "Delete Request" : {
    "transaction" : "Delete Request",
    "sampleCount" : 1350,
    "errorCount" : 0,
    "errorPct" : 0.0,
    "meanResTime" : 8320.740000000009,
    "medianResTime" : 7149.5,
    "minResTime" : 430.0,
    "maxResTime" : 16504.0,
    "pct1ResTime" : 14581.8,
    "pct2ResTime" : 14875.45,
    "pct3ResTime" : 16253.47,
    "throughput" : 42.92937323115083,
    "receivedKBytesPerSec" : 10.396957579419341,
    "sentKBytesPerSec" : 10.229264715235157
  },
  "Get Request" : {
    "transaction" : "Get Request",
    "sampleCount" : 1350,
    "errorCount" : 0,
    "errorPct" : 0.0,
    "meanResTime" : 7122.762222222222,
    "medianResTime" : 8410.5,
    "minResTime" : 465.0,
    "maxResTime" : 10363.0,
    "pct1ResTime" : 9799.0,
    "pct2ResTime" : 10017.0,
    "pct3ResTime" : 10350.0,
    "throughput" : 39.75499146003887,
    "receivedKBytesPerSec" : 16.22811174833618,
    "sentKBytesPerSec" : 16.03399557909771
  },
  "Debug Sampler" : {
    "transaction" : "Debug Sampler",
    "sampleCount" : 1350,
    "errorCount" : 0,
    "errorPct" : 0.0,
    "meanResTime" : 1.092592592592593,
    "medianResTime" : 0.0,
    "minResTime" : 0.0,
    "maxResTime" : 799.0,
    "pct1ResTime" : 1.0,
    "pct2ResTime" : 1.0,
    "pct3ResTime" : 2.0,
    "throughput" : 89.20901341439239,
    "receivedKBytesPerSec" : 30.755943137514045,
    "sentKBytesPerSec" : 0.0
  },
  "Total" : {
    "transaction" : "Total",
    "sampleCount" : 8100,
    "errorCount" : 0,
    "errorPct" : 0.0,
    "meanResTime" : 11250.134197530877,
    "medianResTime" : 7604.0,
    "minResTime" : 0.0,
    "maxResTime" : 55758.0,
    "pct1ResTime" : 35949.9,
    "pct2ResTime" : 42016.95,
    "pct3ResTime" : 46636.65999999999,
    "throughput" : 106.69547005282085,
    "receivedKBytesPerSec" : 37.389208774055874,
    "sentKBytesPerSec" : 31.46682808198427
  },
  "Login Request" : {
    "transaction" : "Login Request",
    "sampleCount" : 1350,
    "errorCount" : 0,
    "errorPct" : 0.0,
    "meanResTime" : 634.6481481481475,
    "medianResTime" : 430.5,
    "minResTime" : 262.0,
    "maxResTime" : 7640.0,
    "pct1ResTime" : 955.2000000000035,
    "pct2ResTime" : 1735.8500000000006,
    "pct3ResTime" : 4245.430000000001,
    "throughput" : 38.77082136703044,
    "receivedKBytesPerSec" : 10.26063729537622,
    "sentKBytesPerSec" : 9.69270534175761
  },
  "Create Request" : {
    "transaction" : "Create Request",
    "sampleCount" : 1350,
    "errorCount" : 0,
    "errorPct" : 0.0,
    "meanResTime" : 37231.54000000001,
    "medianResTime" : 37908.5,
    "minResTime" : 25041.0,
    "maxResTime" : 55758.0,
    "pct1ResTime" : 45302.3,
    "pct2ResTime" : 47081.55,
    "pct3ResTime" : 49655.06,
    "throughput" : 23.51834430856068,
    "receivedKBytesPerSec" : 10.289275634995295,
    "sentKBytesPerSec" : 9.944768638287865
  },
  "Update Request" : {
    "transaction" : "Update Request",
    "sampleCount" : 1350,
    "errorCount" : 0,
    "errorPct" : 0.0,
    "meanResTime" : 14190.022222222218,
    "medianResTime" : 14381.0,
    "minResTime" : 6468.0,
    "maxResTime" : 19641.0,
    "pct1ResTime" : 17247.9,
    "pct2ResTime" : 17532.45,
    "pct3ResTime" : 17696.32,
    "throughput" : 33.02590698926046,
    "receivedKBytesPerSec" : 13.384522852092863,
    "sentKBytesPerSec" : 15.029367829097046
  }
}