{
  "Delete Request" : {
    "transaction" : "Delete Request",
    "sampleCount" : 4800,
    "errorCount" : 1,
    "errorPct" : 0.020833334,
    "meanResTime" : 9045.121041666675,
    "medianResTime" : 9696.5,
    "minResTime" : 267.0,
    "maxResTime" : 68415.0,
    "pct1ResTime" : 13433.500000000015,
    "pct2ResTime" : 14323.0,
    "pct3ResTime" : 18340.89,
    "throughput" : 0.7170097110002733,
    "receivedKBytesPerSec" : 0.1736513728868753,
    "sentKBytesPerSec" : 0.17084924081928815
  },
  "Get Request" : {
    "transaction" : "Get Request",
    "sampleCount" : 4800,
    "errorCount" : 0,
    "errorPct" : 0.0,
    "meanResTime" : 9171.390624999985,
    "medianResTime" : 8313.5,
    "minResTime" : 265.0,
    "maxResTime" : 77814.0,
    "pct1ResTime" : 14564.7,
    "pct2ResTime" : 18450.5,
    "pct3ResTime" : 30743.66999999999,
    "throughput" : 0.7187040328878965,
    "receivedKBytesPerSec" : 0.3058948947008754,
    "sentKBytesPerSec" : 0.2898672040358076
  },
  "Debug Sampler" : {
    "transaction" : "Debug Sampler",
    "sampleCount" : 4800,
    "errorCount" : 0,
    "errorPct" : 0.0,
    "meanResTime" : 18.92562500000004,
    "medianResTime" : 0.0,
    "minResTime" : 0.0,
    "maxResTime" : 42107.0,
    "pct1ResTime" : 1.0,
    "pct2ResTime" : 1.0,
    "pct3ResTime" : 2.0,
    "throughput" : 0.7173002968726604,
    "receivedKBytesPerSec" : 0.2473935917699056,
    "sentKBytesPerSec" : 0.0
  },
  "Total" : {
    "transaction" : "Total",
    "sampleCount" : 28800,
    "errorCount" : 6,
    "errorPct" : 0.020833334,
    "meanResTime" : 12660.563229166668,
    "medianResTime" : 9830.5,
    "minResTime" : 0.0,
    "maxResTime" : 111759.0,
    "pct1ResTime" : 28859.0,
    "pct2ResTime" : 31925.95,
    "pct3ResTime" : 36078.660000000054,
    "throughput" : 4.290531556636134,
    "receivedKBytesPerSec" : 1.5171962163061057,
    "sentKBytesPerSec" : 1.265103045849097
  },
  "Login Request" : {
    "transaction" : "Login Request",
    "sampleCount" : 4800,
    "errorCount" : 0,
    "errorPct" : 0.0,
    "meanResTime" : 620.924374999998,
    "medianResTime" : 302.0,
    "minResTime" : 257.0,
    "maxResTime" : 46535.0,
    "pct1ResTime" : 399.90000000000055,
    "pct2ResTime" : 946.449999999998,
    "pct3ResTime" : 7242.019999999979,
    "throughput" : 0.71870295677391,
    "receivedKBytesPerSec" : 0.19020361453684534,
    "sentKBytesPerSec" : 0.1796757391934775
  },
  "Create Request" : {
    "transaction" : "Create Request",
    "sampleCount" : 4800,
    "errorCount" : 1,
    "errorPct" : 0.020833334,
    "meanResTime" : 43301.881874999955,
    "medianResTime" : 32081.5,
    "minResTime" : 10964.0,
    "maxResTime" : 111759.0,
    "pct1ResTime" : 80235.6,
    "pct2ResTime" : 89289.09999999998,
    "pct3ResTime" : 102035.43,
    "throughput" : 0.7176547401917902,
    "receivedKBytesPerSec" : 0.3142148607645146,
    "sentKBytesPerSec" : 0.3033982070947497
  },
  "Update Request" : {
    "transaction" : "Update Request",
    "sampleCount" : 4800,
    "errorCount" : 4,
    "errorPct" : 0.083333336,
    "meanResTime" : 13805.135833333312,
    "medianResTime" : 15983.0,
    "minResTime" : 525.0,
    "maxResTime" : 85999.0,
    "pct1ResTime" : 20207.800000000003,
    "pct2ResTime" : 20474.95,
    "pct3ResTime" : 20719.989999999998,
    "throughput" : 0.7173538966813117,
    "receivedKBytesPerSec" : 0.2916057017043731,
    "sentKBytesPerSec" : 0.32624730399164104
  }
}