{
  "Delete Request" : {
    "transaction" : "Delete Request",
    "sampleCount" : 1000,
    "errorCount" : 0,
    "errorPct" : 0.0,
    "meanResTime" : 4364.601000000003,
    "medianResTime" : 4144.0,
    "minResTime" : 269.0,
    "maxResTime" : 7816.0,
    "pct1ResTime" : 7134.8,
    "pct2ResTime" : 7543.95,
    "pct3ResTime" : 7778.81,
    "throughput" : 55.73825316314586,
    "receivedKBytesPerSec" : 13.49910818794939,
    "sentKBytesPerSec" : 13.226948748676218
  },
  "Get Request" : {
    "transaction" : "Get Request",
    "sampleCount" : 1000,
    "errorCount" : 0,
    "errorPct" : 0.0,
    "meanResTime" : 2845.371999999999,
    "medianResTime" : 3251.0,
    "minResTime" : 351.0,
    "maxResTime" : 7337.0,
    "pct1ResTime" : 4175.9,
    "pct2ResTime" : 4274.0,
    "pct3ResTime" : 4419.95,
    "throughput" : 48.988389751628866,
    "receivedKBytesPerSec" : 19.997213785332875,
    "sentKBytesPerSec" : 19.710172439131924
  },
  "Debug Sampler" : {
    "transaction" : "Debug Sampler",
    "sampleCount" : 1000,
    "errorCount" : 0,
    "errorPct" : 0.0,
    "meanResTime" : 0.35,
    "medianResTime" : 0.0,
    "minResTime" : 0.0,
    "maxResTime" : 71.0,
    "pct1ResTime" : 1.0,
    "pct2ResTime" : 1.0,
    "pct3ResTime" : 4.990000000000009,
    "throughput" : 89.87148377819717,
    "receivedKBytesPerSec" : 30.87182009414038,
    "sentKBytesPerSec" : 0.0
  },
  "Total" : {
    "transaction" : "Total",
    "sampleCount" : 6000,
    "errorCount" : 0,
    "errorPct" : 0.0,
    "meanResTime" : 6125.731000000005,
    "medianResTime" : 3397.0,
    "minResTime" : 0.0,
    "maxResTime" : 37186.0,
    "pct1ResTime" : 21453.300000000003,
    "pct2ResTime" : 26530.699999999997,
    "pct3ResTime" : 30878.859999999997,
    "throughput" : 146.2095182396374,
    "receivedKBytesPerSec" : 51.181779362221896,
    "sentKBytesPerSec" : 43.048993895752616
  },
  "Login Request" : {
    "transaction" : "Login Request",
    "sampleCount" : 1000,
    "errorCount" : 0,
    "errorPct" : 0.0,
    "meanResTime" : 520.1960000000003,
    "medianResTime" : 333.0,
    "minResTime" : 262.0,
    "maxResTime" : 6182.0,
    "pct1ResTime" : 1112.0,
    "pct2ResTime" : 1258.5499999999993,
    "pct3ResTime" : 3337.92,
    "throughput" : 49.21259842519685,
    "receivedKBytesPerSec" : 13.024037278543307,
    "sentKBytesPerSec" : 12.303149606299213
  },
  "Create Request" : {
    "transaction" : "Create Request",
    "sampleCount" : 1000,
    "errorCount" : 0,
    "errorPct" : 0.0,
    "meanResTime" : 22827.91799999999,
    "medianResTime" : 23721.0,
    "minResTime" : 14042.0,
    "maxResTime" : 37186.0,
    "pct1ResTime" : 29828.199999999997,
    "pct2ResTime" : 31196.1,
    "pct3ResTime" : 32219.87,
    "throughput" : 26.790259061805127,
    "receivedKBytesPerSec" : 11.6945759771747,
    "sentKBytesPerSec" : 11.328302904064083
  },
  "Update Request" : {
    "transaction" : "Update Request",
    "sampleCount" : 1000,
    "errorCount" : 0,
    "errorPct" : 0.0,
    "meanResTime" : 6195.949000000005,
    "medianResTime" : 6401.0,
    "minResTime" : 1417.0,
    "maxResTime" : 11048.0,
    "pct1ResTime" : 7754.0,
    "pct2ResTime" : 8067.65,
    "pct3ResTime" : 10105.920000000006,
    "throughput" : 47.0079443425939,
    "receivedKBytesPerSec" : 19.05107119353171,
    "sentKBytesPerSec" : 21.346380975884927
  }
}