{
  "Delete Request" : {
    "transaction" : "Delete Request",
    "sampleCount" : 1450,
    "errorCount" : 0,
    "errorPct" : 0.0,
    "meanResTime" : 6187.335172413798,
    "medianResTime" : 6726.0,
    "minResTime" : 279.0,
    "maxResTime" : 10860.0,
    "pct1ResTime" : 9023.8,
    "pct2ResTime" : 9254.25,
    "pct3ResTime" : 9321.96,
    "throughput" : 20.21835826930853,
    "receivedKBytesPerSec" : 4.89663364334816,
    "sentKBytesPerSec" : 4.817655681358674
  },
  "Get Request" : {
    "transaction" : "Get Request",
    "sampleCount" : 1450,
    "errorCount" : 0,
    "errorPct" : 0.0,
    "meanResTime" : 3494.7137931034495,
    "medianResTime" : 3692.0,
    "minResTime" : 354.0,
    "maxResTime" : 14288.0,
    "pct1ResTime" : 4899.8,
    "pct2ResTime" : 5069.0,
    "pct3ResTime" : 5838.4800000000005,
    "throughput" : 19.959805082179336,
    "receivedKBytesPerSec" : 8.147654808936487,
    "sentKBytesPerSec" : 8.050194823183658
  },
  "Debug Sampler" : {
    "transaction" : "Debug Sampler",
    "sampleCount" : 1450,
    "errorCount" : 0,
    "errorPct" : 0.0,
    "meanResTime" : 0.10896551724137937,
    "medianResTime" : 0.0,
    "minResTime" : 0.0,
    "maxResTime" : 4.0,
    "pct1ResTime" : 1.0,
    "pct2ResTime" : 1.0,
    "pct3ResTime" : 1.0,
    "throughput" : 20.647035370507492,
    "receivedKBytesPerSec" : 7.119695180341175,
    "sentKBytesPerSec" : 0.0
  },
  "Total" : {
    "transaction" : "Total",
    "sampleCount" : 8700,
    "errorCount" : 0,
    "errorPct" : 0.0,
    "meanResTime" : 9061.072988505754,
    "medianResTime" : 4180.5,
    "minResTime" : 0.0,
    "maxResTime" : 87991.0,
    "pct1ResTime" : 32442.800000000007,
    "pct2ResTime" : 41559.799999999974,
    "pct3ResTime" : 55413.979999999996,
    "throughput" : 91.4172831203766,
    "receivedKBytesPerSec" : 32.03629453308885,
    "sentKBytesPerSec" : 26.960956545267315
  },
  "Login Request" : {
    "transaction" : "Login Request",
    "sampleCount" : 1450,
    "errorCount" : 0,
    "errorPct" : 0.0,
    "meanResTime" : 607.9068965517225,
    "medianResTime" : 390.0,
    "minResTime" : 259.0,
    "maxResTime" : 14807.0,
    "pct1ResTime" : 935.0,
    "pct2ResTime" : 1371.0,
    "pct3ResTime" : 4744.800000000003,
    "throughput" : 19.933189447781917,
    "receivedKBytesPerSec" : 5.275287441746973,
    "sentKBytesPerSec" : 4.983297361945479
  },
  "Create Request" : {
    "transaction" : "Create Request",
    "sampleCount" : 1450,
    "errorCount" : 0,
    "errorPct" : 0.0,
    "meanResTime" : 37058.27724137931,
    "medianResTime" : 34581.0,
    "minResTime" : 16487.0,
    "maxResTime" : 87991.0,
    "pct1ResTime" : 54449.50000000001,
    "pct2ResTime" : 55645.3,
    "pct3ResTime" : 60622.68,
    "throughput" : 16.036629874582495,
    "receivedKBytesPerSec" : 7.016025570129841,
    "sentKBytesPerSec" : 6.781113999701386
  },
  "Update Request" : {
    "transaction" : "Update Request",
    "sampleCount" : 1450,
    "errorCount" : 0,
    "errorPct" : 0.0,
    "meanResTime" : 7018.0958620689535,
    "medianResTime" : 8115.0,
    "minResTime" : 535.0,
    "maxResTime" : 12303.0,
    "pct1ResTime" : 9525.7,
    "pct2ResTime" : 9602.0,
    "pct3ResTime" : 10301.560000000001,
    "throughput" : 19.696002390687187,
    "receivedKBytesPerSec" : 7.982266593882014,
    "sentKBytesPerSec" : 8.963219837949442
  }
}