{
  "Delete Request" : {
    "transaction" : "Delete Request",
    "sampleCount" : 1550,
    "errorCount" : 0,
    "errorPct" : 0.0,
    "meanResTime" : 11230.546451612909,
    "medianResTime" : 10167.0,
    "minResTime" : 6562.0,
    "maxResTime" : 20246.0,
    "pct1ResTime" : 17330.800000000007,
    "pct2ResTime" : 19048.0,
    "pct3ResTime" : 19979.29,
    "throughput" : 32.66389901586833,
    "receivedKBytesPerSec" : 7.910788042905612,
    "sentKBytesPerSec" : 7.783194687374876
  },
  "Get Request" : {
    "transaction" : "Get Request",
    "sampleCount" : 1550,
    "errorCount" : 0,
    "errorPct" : 0.0,
    "meanResTime" : 8108.583870967744,
    "medianResTime" : 8744.0,
    "minResTime" : 286.0,
    "maxResTime" : 12780.0,
    "pct1ResTime" : 12053.8,
    "pct2ResTime" : 12466.349999999999,
    "pct3ResTime" : 12758.98,
    "throughput" : 51.982024280635855,
    "receivedKBytesPerSec" : 21.219224755181433,
    "sentKBytesPerSec" : 20.96540627724864
  },
  "Debug Sampler" : {
    "transaction" : "Debug Sampler",
    "sampleCount" : 1550,
    "errorCount" : 0,
    "errorPct" : 0.0,
    "meanResTime" : 0.11612903225806463,
    "medianResTime" : 0.0,
    "minResTime" : 0.0,
    "maxResTime" : 18.0,
    "pct1ResTime" : 0.0,
    "pct2ResTime" : 1.0,
    "pct3ResTime" : 1.0,
    "throughput" : 43.78283712784589,
    "receivedKBytesPerSec" : 15.099423893777187,
    "sentKBytesPerSec" : 0.0
  },
  "Total" : {
    "transaction" : "Total",
    "sampleCount" : 9300,
    "errorCount" : 0,
    "errorPct" : 0.0,
    "meanResTime" : 9720.682580645147,
    "medianResTime" : 9237.5,
    "minResTime" : 0.0,
    "maxResTime" : 30597.0,
    "pct1ResTime" : 20508.699999999997,
    "pct2ResTime" : 25796.949999999997,
    "pct3ResTime" : 28348.96,
    "throughput" : 141.58914787692402,
    "receivedKBytesPerSec" : 49.61952376851696,
    "sentKBytesPerSec" : 41.757736971514696
  },
  "Login Request" : {
    "transaction" : "Login Request",
    "sampleCount" : 1550,
    "errorCount" : 0,
    "errorPct" : 0.0,
    "meanResTime" : 311.17419354838637,
    "medianResTime" : 295.0,
    "minResTime" : 260.0,
    "maxResTime" : 971.0,
    "pct1ResTime" : 375.0,
    "pct2ResTime" : 411.0,
    "pct3ResTime" : 498.96000000000004,
    "throughput" : 52.002952425686104,
    "receivedKBytesPerSec" : 13.762500104844662,
    "sentKBytesPerSec" : 13.000738106421526
  },
  "Create Request" : {
    "transaction" : "Create Request",
    "sampleCount" : 1550,
    "errorCount" : 0,
    "errorPct" : 0.0,
    "meanResTime" : 21998.87806451613,
    "medianResTime" : 23784.0,
    "minResTime" : 9119.0,
    "maxResTime" : 30597.0,
    "pct1ResTime" : 27738.800000000003,
    "pct2ResTime" : 28436.05,
    "pct3ResTime" : 29471.35,
    "throughput" : 49.20010157440325,
    "receivedKBytesPerSec" : 21.52504443880142,
    "sentKBytesPerSec" : 20.804339825895124
  },
  "Update Request" : {
    "transaction" : "Update Request",
    "sampleCount" : 1550,
    "errorCount" : 0,
    "errorPct" : 0.0,
    "meanResTime" : 16674.79677419354,
    "medianResTime" : 17170.0,
    "minResTime" : 3226.0,
    "maxResTime" : 20436.0,
    "pct1ResTime" : 19826.0,
    "pct2ResTime" : 20022.45,
    "pct3ResTime" : 20239.96,
    "throughput" : 35.12668268141232,
    "receivedKBytesPerSec" : 14.235911438267689,
    "sentKBytesPerSec" : 15.985384892127092
  }
}